,Name,Brand,Price,Link,Storage
1,"AVITA Essential 14 Celeron N4020 256GB SSD 14"" Full HD Laptop Matt White Color",AVITA,27500,https://www.startech.com.bd/avita-essential-14-celeron-n4020-256gb-ssd-laptop-matt-white,"RAM: 4GB LPDDR4, Storage: 256GB SATA SSD"
2,"DOEL Freedom A9 AMD A9-9425 14.1"" HD Laptop",DOEL,26999,https://www.startech.com.bd/doel-freedom-a9-amd-a9-9425-laptop,"RAM: 4GB, Storage: 240GB SSD"
3,"Toshiba Dynabook Satellite Pro C40-G-109 Celeron 5205U 14"" HD Laptop",Toshiba,29700,https://www.startech.com.bd/toshiba-dynabook-satellite-pro-c40-g-109-laptop,RAM: 4GB 3200MHz. Storage: 128GB SSD
4,"Acer TravelMate TMB 311-31-C3CD Celeron N4020 11.6"" HD Laptop",Acer,32000,https://www.startech.com.bd/acer-travelmate-tmb-311-31-c3cd-celeron-n4020-aptop,"RAM: 4GB DDR4 RAM, Storage: 256GB SSD"
5,"Lenovo IdeaPad D330 10IGL Intel CDC N4020 10.1"" HD Touch Laptop",Lenovo,35900,https://www.startech.com.bd/lenovo-ideapad-d330-cdc-n4020-laptop,RAM: 4GB DDR4
6,"Lenovo IdeaPad Slim 3i Celeron N4020 256GB SSD 15.6"" HD Laptop with 3 Years Warranty",Lenovo,36500,https://www.startech.com.bd/lenovo-ideapad-slim-3i-celeron-n4020-256gb-ssd-laptop,"RAM: 4GB DDR4, Storage: 256GB SSD"
7,"Lenovo IdeaPad Slim 3i Celeron N4020 14"" FHD Laptop",Lenovo,36500,https://www.startech.com.bd/lenovo-ideapad-slim-3i-celeron-n4020-fhd-laptop,"RAM: 4GB DDR4, Storage: 256GB SSD"
8,"Asus Vivobook X515MA Celeron N4020 15.6"" HD Laptop",Asus,41000,https://www.startech.com.bd/asus-vivobook-x515ma-celeron-laptop,Memory: 4GB DDR4 RAM
9,Asus P1511CMA Intel Celeron N4020 15.6-Inch HD Laptop,Asus,41500,https://www.startech.com.bd/asus-p1511cma-intel-celeron-n4020-hd-laptop,"Ram: 4GB DDR4, Storage: 1TB HDD"
10,"Asus Vivobook X515KA Celeron N4500 15.6"" HD Laptop",Asus,42500,https://www.startech.com.bd/asus-vivobook-x515ka-celeron-n4500-laptop,"RAM: 4GB DDR4 RAM, Storage: 1TB 5400RPM HDD"
11,"Asus Vivobook X515KA Celeron N4500 15.6"" FHD Laptop",Asus,42500,https://www.startech.com.bd/asus-vivobook-x515ka-celeron-n4500-fhd-laptop,"RAM: 4GB DDR4 RAM, Storage: 1TB 5400RPM HDD"
12,"Asus Vivobook X515MA Celeron N4020 15.6"" FHD Laptop",Asus,43500,https://www.startech.com.bd/asus-vivobook-x515ma-fhd-laptop,4GB DDR4 RAM
13,"Asus Vivobook X515MA Celeron N4500 15.6"" HD Laptop",Asus,43500,https://www.startech.com.bd/asus-vivobook-x515ma-celeron-n4500-laptop,"RAM: 4GB DDR4, Storage: 1TB 5400RPM HDD"
14,"Toshiba Dynabook Satellite Pro C40-G-11I Core i3 10th Gen 14"" HD Laptop",Toshiba,43500,https://www.startech.com.bd/toshiba-dynabook-satellite-pro-c40-g-11i-laptop,RAM: 8GB 3200MHz. Storage: 256GB SSD
15,"Asus Vivobook E410MA Celeron N4020 14"" HD Laptop",Asus,45000,https://www.startech.com.bd/asus-vivobook-e410ma-celeron-n4020-14-inch-hd-laptop,"RAM: 4GB DDR4 (Onboard), Storage: 256GB PCIEG3 SSD"
16,"HP 15s-eq3617TU Celeron N4500 15.6"" FHD Laptop",HP,46000,https://www.startech.com.bd/hp-15s-eq3617tu-celeron-n4500-fhd-laptop,"RAM: 4GB DDR4, Storage: 256GB SSD"
17,"Asus VivoBook 15 X515FA Core i3 10th Gen 15.6"" FHD Laptop",Asus,46500,https://www.startech.com.bd/asus-vivobook-15-x515fa-intel-core-i3-10th-gen-laptop,Memory: 4GB DDR4 3200MHz RAM
18,"Asus VivoBook 14 X415FA Core i3 10th Gen 256GB SSD 14"" FHD Laptop",Asus,46500,https://www.startech.com.bd/asus-vivobook-14-x415fa-core-i3-10th-gen-fhd-laptop,"RAM: 4GB DDR4 RAM, Storage: 256GB SSD"
19,"ASUS VivoBook 15 X515JA Core i3 10th Gen 512GB SSD 15.6"" FHD Laptop",ASUS,52000,https://www.startech.com.bd/asus-vivobook-15-x515ja-i3-10th-gen-fhd-laptop,"RAM: 4GB DDR4, Storage: 512G PCIE G3 SSD"
20,"ASUS VivoBook 15 X515JA Core i3 10th Gen 15.6"" FHD Laptop",ASUS,47000,https://www.startech.com.bd/asus-vivobook-15-x515ja-core-i3-10th-gen-laptop,"RAM: 4GB DDR4, Storage: 1TB HDD"
21,"Asus VivoBook 15 E510MA Intel Celeron N4020 15.6"" FHD Laptop",Asus,47000,https://www.startech.com.bd/asus-vivobook-15-e510ma-celeron-n4020-fhd-laptop,4GB DDR4 RAM
22,"Asus VivoBook 14 X415FA Core i3 10th Gen 14"" FHD Laptop",Asus,47000,https://www.startech.com.bd/asus-vivobook-14-x415fa-core-i3-10th-gen-laptop,Memory: 4GB DDR4 RAM
23,"Asus VivoBook 15 E510MA Celeron N4020 15.6"" FHD Laptop with Fingerprint",Asus,47000,https://www.startech.com.bd/asus-vivobook-15-e510ma-celeron-n4020-laptop,"RAM: 4GB DDR4 (Onboard), Storage: 512GB SSD"
24,"Asus VivoBook 15 R565FA Core i3 10th Gen 15.6"" HD Laptop",Asus,47000,https://www.startech.com.bd/asus-vivobook-15-r565fa-core-i3-10th-gen-laptop,"RAM: 4GB 3200MHz RAM, Storage: 1TB 5400 RPM SATA HDD"
25,Acer Aspire 3 A315-23 Ryzen 3 3250U 8GB RAM 15.6'' FHD Laptop,Acer,44500,https://www.startech.com.bd/acer-aspire-3-a315-23-ryzen-3-3250u-8gb-ram-fhd-laptop,"RAM: 8GB DDR4, Storage: 256GB SSD"
26,"Acer Extensa 15 EX215-54-37AH Core i3 11th Gen 15.6"" FHD Laptop",Acer,47500,https://www.startech.com.bd/acer-extensa-15-ex215-54-37ah-core-i3-11th-gen-laptop,Memory: 4 GB DDR4 SDRAM
27,"Lenovo IdeaPad Slim 3i Core i3 10th Gen 15.6"" FHD Laptop",Lenovo,46500,https://www.startech.com.bd/lenovo-ideapad-slim-3i-core-i3-10th-gen-fhd-laptop,"RAM: 4GB DDR4 2666Mhz , Storage: 256GB SSD"
28,"ASUS VivoBook 15 X515JA Core i3 10th Gen 8GB RAM 15.6"" FHD Laptop",ASUS,49000,https://www.startech.com.bd/asus-vivobook-15-x515ja-core-i3-10th-gen-fhd-laptop,"RAM: 8GB DDR4, Storage: 1TB HDD"
29,"DOEL T10 Core i3 10th Gen 14"" FHD Laptop",DOEL,49499,https://www.startech.com.bd/doel-t10-core-i3-10th-gen-laptop,"RAM: 4GB DDR4, Storage: 512GB SSD"
30,"Walton Passion BX310U Core i3 10th Gen 15.6"" FHD Laptop",Walton,49850,https://www.startech.com.bd/walton-passion-bx310u-core-i3-10th-gen-laptop,"RAM: 8GB 2666MHz, Storage: 512GB SSD"
31,"HP 15s-eq1578AU AMD Athlon 3050U 15.6"" FHD Laptop",HP,50900,https://www.startech.com.bd/hp-15s-eq1578au-amd-athlon-3050u-fhd-laptop,"RAM: 8GB DDR4, Storage: 256GB SSD"
32,"Dell Vostro 14 3400 Core i3 11th Gen 14"" HD Laptop",Dell,48500,https://www.startech.com.bd/dell-vostro-14-3400-laptop,"RAM: 4GB DDR4, Storage: 1TB SATA HDD"
33,"Acer Aspire 3 A315-58 Core i3 1115G4 11th Gen 15.6"" FHD Laptop",Acer,51000,https://www.startech.com.bd/acer-aspire-3-a315-58-core-i3-1115g4-11th-gen-fhd-laptop,"RAM: 8GB DDR4, Storage: 256GB SSD"
34,"ASUS VivoBook 15 X515EA Core i3 11th Gen 15.6"" FHD WV Laptop",ASUS,52000,https://www.startech.com.bd/asus-vivobook-15-x515ea-i3-11th-gen-laptop,"RAM: 4GB DDR4 , Storage: 1TB HDD"
35,"ASUS VivoBook 15 X515EA Core i3 11th Gen 15.6"" FHD Laptop",ASUS,52000,https://www.startech.com.bd/asus-vivobook-15-x515ea-i3-11th-gen-15-6-inch-fhd-laptop,"RAM: 4GB DDR4 , Storage: 1TB HDD"
36,"Dell Latitude 15-3520 Core i3 1115G4 15.6"" HD Laptop",Dell,52000,https://www.startech.com.bd/dell-latitude-15-3520-core-i3-1115g4-laptop,"RAM: 4GB DDR4, Storage: 1TB HDD"
37,"Lenovo IdeaPad Slim 3i 11th Gen Core i3 256GB SSD 15.6"" Full HD Laptop with Windows 11",Lenovo,52400,https://www.startech.com.bd/lenovo-ideapad-slim-3i-core-i3-11th-fhd-gen-256gb-ssd-laptop,RAM & SSD: 4GB 3200Mhz RAM + 256GB SSD
38,"Lenovo V14 Core i3 11th Gen 14"" Full HD Laptop",Lenovo,52500,https://www.startech.com.bd/lenovo-v14-core-i3-11th-gen-full-hd-laptop,"RAM: 4GB 3200Mhz, Storage: 1TB HDD"
39,"Lenovo IdeaPad 1 15ADA7 AMD Ryzen 3 3250U 15.6"" FHD Laptop",Lenovo,55000,https://www.startech.com.bd/lenovo-ideapad-1-15ada7-ryzen-3-fhd-laptop,"RAM: 8GB 2400MHz, Storage: 512GB  SSD"
40,"Walton Passion BP5800 Core i5 8th Gen 15.6"" HD Laptop",Walton,52550,https://www.startech.com.bd/walton-passion-bp5800-core-i5-8th-gen-laptop,"RAM: 8GB DDR4, Storage: 1TB HDD"
41,ASUS D415DA Ryzen 3 3250U 14-inch HD Laptop,ASUS,53000,https://www.startech.com.bd/asus-d415da-ryzen-3-3250u-hd-laptop,"Ram: 4GB DDR4, Storage: 1TB HDD"
42,"ASUS VivoBook 15 M515DA Ryzen 3 3250U 15.6"" HD Laptop",ASUS,53000,https://www.startech.com.bd/asus-vivobook-15-m515da-ryzen-3-3250u-hd-laptop,"RAM: 4GB DDR4 RAM, Storage: 1TB HDD"
43,"Acer Aspire 3 A315-58 Core i3 11th Gen 512GB SSD 15.6"" FHD Laptop",Acer,49500,https://www.startech.com.bd/acer-aspire-3-a315-58-core-i3-11th-gen-fhd-laptop,"RAM: 8GB DDR4, Storage: 512GB SSD"
44,"Dell Vostro 14 3400 Core i3 11th Gen 14"" HD Laptop Backlit Keyboard with 256GB SSD+1TB HDD (03 Years Warranty)",Dell,50500,https://www.startech.com.bd/dell-vostro-14-3400-core-i3-hd-laptop,"RAM: 4GB DDR4, Storage: 1TB SATA HDD + 256GB SSD"
45,"Acer TravelMate TMP215-53 Core i3 11th Gen 15.6"" FHD Laptop",Acer,48500,https://www.startech.com.bd/acer-travelmate-tmp215-53-core-i3-11th-gen-laptop,"RAM: 4GB 2400MHz, Storage: 1TB HDD"
46,"ASUS VivoBook 15 D515DA Ryzen 3 3250U 15.6"" FHD Laptop",ASUS,55500,https://www.startech.com.bd/asus-vivobook-15-d515da-ryzen-3-3250u-laptop,Memory: 4GB DDR4 RAM (On Board)
47,"ASUS VivoBook 15 D515DA Ryzen 3 3250U 15.6"" FHD Laptop with Windows 11",ASUS,55500,https://www.startech.com.bd/asus-vivobook-15-d515da-ryzen-3-laptop,Memory: 4GB DDR4 RAM (On Board)
48,"ASUS ExpertBook P1 P1412CEA Core i3 11th Gen 14"" FHD Laptop",ASUS,56000,https://www.startech.com.bd/asus-expertbook-p1-p1412cea-core-i3-11th-gen-laptop,"RAM: 4GB 3200MHz, Storage: 1TB HDD"
49,"Lenovo IdeaPad Slim 3i 11th Gen Core i3 8GB RAM 14"" FHD Laptop with Windows 11",Lenovo,56900,https://www.startech.com.bd/lenovo-ideapad-slim-3i-core-i3-11th-fhd-gen-8gb-ram-14-inch-laptop,"RAM: 8GB 3200Mhz, Storage: 256GB SSD"
50,"Walton Tamarind MX311G Core i3 11th Gen 14"" FHD Laptop",Walton,57500,https://www.startech.com.bd/walton-tamarind-mx311g-core-i3-11th-gen-laptop,"RAM: 8GB 3200MHz, Storage: 512GB SSD"
51,"ASUS VivoBook 15 X515EA Core i3 11th Gen 512GB SSD 15.6"" FHD Laptop",ASUS,58000,https://www.startech.com.bd/asus-vivobook-15-x515ea-core-i3-11th-gen-fhd-laptop,"RAM: 4GB DDR4 RAM (Onboard), Storage: 512GB SSD"
52,"Dell Inspiron 15 3525 Ryzen 3 5425U 15.6"" FHD Laptop",Dell,58000,https://www.startech.com.bd/dell-inspiron-15-3525-ryzen-3-5425u-fhd-laptop,"RAM: 8GB RAM, Storage: 256GB SSD"
53,"HP 250 G8 Core i3 11th Gen 15.6"" FHD Laptop",HP,58500,https://www.startech.com.bd/hp-250-g8-core-i3-11th-gen-laptop,"RAM: 8GB DDR4, Storage: 1TB HDD"
54,"HP 15s-fq5486TU Core i3 12th Gen 15.6"" FHD Laptop",HP,58900,https://www.startech.com.bd/hp-15s-fq5486tu-core-i3-12th-gen-laptop,"RAM: 4GB RAM, Storage: 256GB SSD"
55,"Asus ExpertBook B1 B1500CEAE Core i3 11th Gen 512GB SSD 15.6"" FHD Laptop",Asus,57000,https://www.startech.com.bd/asus-expertbook-b1-b1500ceae-i3-11th-gen-laptop,4GB DDR4 RAM
56,"Walton Passion BP7800 Core i7 8th Gen 15.6"" HD Laptop",Walton,59500,https://www.startech.com.bd/walton-passion-bp7800-core-i7-8th-gen-laptop,"RAM: 8GB DDR4, Storage: 1TB HDD"
57,"ASUS VivoBook 15 X515EA Core i3 11th Gen 8GB RAM 512GB SSD 15.6"" FHD Laptop",ASUS,59500,https://www.startech.com.bd/asus-vivobook-15-x515ea-core-i3-laptop,"RAM: 8GB DDR4, Storage: 512GB SSD"
58,"ASUS VivoBook 15 X515EA Core i3 11th Gen 8GB RAM 512GB SSD 15.6"" FHD Laptop With Fingerprint",ASUS,60500,https://www.startech.com.bd/asus-vivobook-15-x515ea-i3-11th-gen-fhd-laptop,"RAM: 8GB DDR4, Storage: 512GB SSD"
59,"Acer TravelMate TMP214-53 Core i3 11th Gen 8GB RAM 14"" FHD Laptop",Acer,54500,https://www.startech.com.bd/acer-travelmate-tmp214-53-core-i3-11th-gen-fhd-laptop,"RAM: 8GB 3200MHz, Storage: 512 GB SSD"
60,"Acer TravelMate TMP215-53 Core i3 11th Gen 8GB RAM 15.6"" FHD Laptop",Acer,60000,https://www.startech.com.bd/acer-travelmate-tmp215-53-core-i3-11th-gen-fhd-laptop,"RAM: 8GB 3200MHz, Storage: 512GB SSD"
61,"ASUS VivoBook 15 X515JA Core i5 10th Gen 15.6"" FHD Laptop",ASUS,58500,https://www.startech.com.bd/asus-vivobook-15-x515ja-core-i5-10th-gen-fhd-laptop,"RAM: 4GB DDR4, Storage: 1TB HDD"
62,"HP 15s-eq2171AU Ryzen 3 5300U 15.6"" FHD Laptop",HP,57500,https://www.startech.com.bd/hp-15s-eq2171au-ryzen-3-5300u-laptop,"RAM: 8GB 3200 MHz, Storage: 512GB SSD"
63,"MSI Modern 14 B11MO Core i3 11th Gen 14"" FHD Laptop",MSI,62000,https://www.startech.com.bd/msi-modern-14-b11mo-i3-11th-gen-laptop,8GB DDR4 3200MHz RAM
64,"Lenovo IdeaPad 1 14AMN7 AMD Ryzen 5 14"" FHD Laptop with DDR5 RAM",Lenovo,60000,https://www.startech.com.bd/lenovo-ideapad-1-14amn7-amd-ryzen-5-fhd-laptop,"RAM: 8GB DDR5 5500MHz, Storage: 256GB  SSD"
65,"Lenovo IdeaPad 1 15AMN7 AMD Ryzen 5 15.6"" FHD Laptop with DDR5 RAM",Lenovo,60000,https://www.startech.com.bd/lenovo-ideapad-1-15amn7-amd-ryzen-5-fhd-laptop,"RAM: 8GB DDR5 5500MHz, Storage: 256GB  SSD"
66,"HP 15s-fq5487TU Core i3 12th Gen 15.6"" FHD Laptop",HP,62900,https://www.startech.com.bd/hp-15s-fq5487tu-core-i3-12th-gen-laptop,"RAM: 8GB RAM, Storage: 256GB SSD"
67,"DOEL T10 Core i5 10th Gen 14"" FHD Laptop",DOEL,62999,https://www.startech.com.bd/doel-t10-core-i5-10th-gen-laptop,"RAM: 8GB DDR4, Storage: 512GB SSD"
68,"ASUS VivoBook 15 X515JA Core i5 10th Gen 8GB RAM 15.6"" FHD Laptop",ASUS,63000,https://www.startech.com.bd/asus-vivobook-15-x515ja-core-i5-laptop,"RAM: 8GB DDR4, Storage: 1TB HDD"
69,"Dell Latitude 14 3420 Core i3 11th Gen 14"" HD Laptop",Dell,63000,https://www.startech.com.bd/dell-latitude-14-3420-core-i3-11th-gen-laptop,"RAM: 4 GB 3200MHz, Storage: 256GB SSD"
70,"ASUS VivoBook 15 X1500EA Core i3 11th Gen 15.6"" FHD Laptop",ASUS,63000,https://www.startech.com.bd/asus-vivobook-15-x1500ea-core-i3-11th-gen-laptop,"RAM: 8GB DDR4 , Storage: 1TB HDD"
71,"ASUS VivoBook 15 X1500EA Core i3 11th Gen 512GB SSD 15.6"" FHD Laptop",ASUS,63000,https://www.startech.com.bd/asus-vivobook-15-x1500ea-core-i3-11th-gen-fhd-laptop,"RAM: 8GB DDR4 , Storage: 512GB SSD"
72,"Asus VivoBook 14 X1400EA Core i3 11th Gen 14"" FHD Laptop ",Asus,63000,https://www.startech.com.bd/asus-vivobook-14-x1400ea-core-i3-fhd-laptop ,"RAM: 8GB DDR4 , Storage: 512GB"
73,"HP 15s-fq5786TU Core i3 12th Gen 15.6"" FHD Laptop",HP,62500,https://www.startech.com.bd/hp-15s-fq5786tu-core-i3-12th-gen-laptop,"RAM: 8GB RAM, Storage: 512GB SSD"
74,"Huawei MateBook D15 Core i3 11th Gen 15.6"" FHD Laptop",Huawei,60500,https://www.startech.com.bd/huawei-matebook-d15-core-i3-11th-gen-laptop,"RAM: 8GB DDR4 , Storage: 256GB SSD"
75,"HUAWEI MateBook B3-520 Core i3 11th Gen 15.6"" FHD Laptop",HUAWEI,60500,https://www.startech.com.bd/huawei-matebook-b3-520-core-i3-11th-gen-laptop,"RAM: 8GB LPDDR4X, Storage: 256GB SSD"
76,"Lenovo IdeaPad 1 14AMN7 AMD Ryzen 5 500GB SSD 14"" FHD Laptop with DDR5 RAM",Lenovo,62000,https://www.startech.com.bd/lenovo-ideapad-1-14amn7-amd-ryzen-5-laptop,"RAM: 8GB DDR5 5500MHz, Storage: 500GB M.2 NVMe SSD"
77,"Dell Inspiron 15 3520 Core i3 12th Gen 15.6"" FHD Laptop",Dell,62943,https://www.startech.com.bd/dell-inspiron-15-3520-core-i3-fhd-laptop,"RAM: 8GB RAM, Storage: 512GB SSD"
78,"Walton Passion BX510U Core i5 10th Gen 15.6"" FHD Laptop",Walton,64550,https://www.startech.com.bd/walton-passion-bx510u-core-i5-10th-gen-laptop,"RAM: 8GB 2666MHz, Storage: 512GB SATAIII M.2 2280 SSD"
79,"Lenovo IdeaPad 1 15AMN7 AMD Ryzen 5 500GB SSD 15.6"" FHD Laptop with DDR5 RAM",Lenovo,63000,https://www.startech.com.bd/lenovo-ideapad-1-15amn7-amd-ryzen-5-laptop,"RAM: 8GB DDR5 5500MHz, Storage: 500GB M.2 NVMe SSD"
80,"Acer Aspire 3 A315-58 Core i5 11th Gen 512GB SSD 15.6"" FHD Laptop",Acer,62500,https://www.startech.com.bd/acer-aspire-3-a315-58-core-i5-11th-gen-512gb-ssd-laptop,"RAM: 8GB DDR4, Storage: 512GB SSD"
81,"Acer Aspire 5 A515-56 Core i5 11th Gen 15.6"" FHD Laptop With Backlit Keyboard",Acer,66500,https://www.startech.com.bd/acer-aspire-5-a515-56-core-i5-11th-gen-laptop,"RAM: 8GB DDR4 2666MHz, Storage: 512GB SSD"
82,"Lenovo K14 Core i3 11th Gen 14"" FHD Business Series Laptop",Lenovo,66500,https://www.startech.com.bd/lenovo-k14-core-i3-11th-gen-laptop,"RAM: 8GB DDR4 3200MHz, Storage: 512GB SSD"
83,"Lenovo IdeaPad 3 Ryzen 5 5500U 15.6"" FHD Laptop",Lenovo,65000,https://www.startech.com.bd/lenovo-ideapad-3-ryzen-5-5500u-laptop,RAM: 8GB 3200MHZ RAM
84,"Dell Vostro 14 3400 Core i5 11th Gen 14"" FHD Laptop",Dell,67500,https://www.startech.com.bd/dell-vostro-14-3400-i5-laptop,4GB DDR4 3200MHz RAM
85,"HP 15s-eq2690AU Ryzen 5 5500U 15.6"" FHD Laptop",HP,66000,https://www.startech.com.bd/hp-15s-eq2690au-ryzen-5-5500u-laptop,"RAM: 8GB DDR4 (2 x 4GB), Storage: 512GB SSD"
86,"ASUS VivoBook 15 X515JA Core i5 10th Gen 512GB SSD 15.6"" FHD Laptop",ASUS,68000,https://www.startech.com.bd/asus-vivobook-15-x515ja-core-i5-10th-gen-laptop,Memory: 8GB DDR4 SDRAM
87,"Asus Vivobook S15 S513EA Core i3 11th Gen 4GB RAM 15.6"" OLED FHD Laptop",Asus,68500,https://www.startech.com.bd/asus-vivobook-s15-s513ea-core-i3-11th-gen-oled-fhd-laptop,"RAM: 4GB DDR4, Storage: 512G SSD"
88,"ASUS VivoBook 15 X515EA Core i5 11th Gen 15.6"" FHD Laptop",ASUS,69000,https://www.startech.com.bd/asus-vivobook-15-x515ea-i5-11th-gen-laptop,"RAM:  4GB DDR4, Storage: 1TB HDD"
89,"ASUS VivoBook 15 X1502ZA Core i3 12th Gen 15.6"" FHD Laptop",ASUS,66500,https://www.startech.com.bd/asus-vivobook-15-x1502za-core-i3-12th-gen-laptop,"RAM: 4GB DDR4 , Storage: 512GB SSD"
90,"ASUS VivoBook 14 X1402ZA Core i3 12th Gen 14"" FHD Laptop",ASUS,69990,https://www.startech.com.bd/asus-vivobook-14-x1402za-core-i3-12th-gen-fhd-laptop,"RAM: 4GB DDR4, Storage: 512GB NVMe SSD"
91,"HP 15s-eq3234AU Ryzen 5 5625U 15.6"" FHD Laptop",HP,68000,https://www.startech.com.bd/hp-15s-eq3234au-ryzen-5-5625u-laptop,"RAM: 8GB DDR4, Storage: 512GB SSD"
92,"Avita Liber V14 Core i5 11th Gen 14"" FHD Laptop Soft Lavender",Avita,70950,https://www.startech.com.bd/avita-liber-v14-core-i5-11th-gen-laptop-soft-lavender,"RAM: 8GB DDR4 RAM, Storage: 512GB SSD"
93,"Avita Liber V14 Core i5 11th Gen 14"" FHD Laptop Infinite Black",Avita,70950,https://www.startech.com.bd/avita-liber-v14-core-i5-11th-gen-laptop-infinite-black,"RAM: 8GB DDR4 RAM, Storage: 512GB SSD"
94,"Avita Liber V14 Core i5 11th Gen 14"" FHD Laptop Star Silver",Avita,70950,https://www.startech.com.bd/avita-liber-v14-core-i5-11th-gen-laptop-star-silver,"RAM: 8GB DDR4 RAM, Storage: 512GB SSD"
95,"Avita Liber V14 Core i5 11th Gen 14"" FHD Laptop Aqua Blue",Avita,70950,https://www.startech.com.bd/avita-liber-v14-core-i5-11th-gen-laptop-aqua-blue,"RAM: 8GB DDR4 RAM, Storage: 512GB SSD"
96,"Avita Liber V14 Core i5 11th Gen 14"" FHD Laptop Anchor Grey",Avita,70950,https://www.startech.com.bd/avita-liber-v14-core-i5-11th-gen-laptop-anchor-grey,"RAM: 8GB DDR4 RAM, Storage: 512GB SSD"
97,"Avita Liber V14 Core i5 11th Gen 14"" FHD Laptop Golden Matt Black",Avita,70950,https://www.startech.com.bd/avita-liber-v14-core-i5-11th-gen-laptop-golden-matt-black,"RAM: 8GB DDR4 RAM, Storage: 512GB SSD"
98,"Asus Vivobook S15 S513EA Core i3 11th Gen 15.6"" OLED FHD Laptop",Asus,71000,https://www.startech.com.bd/asus-vivobook-s15-s513ea-core-i3-11th-gen-oled-laptop,"RAM: 8GB DDR4, Storage: 512G SSD"
99,"ASUS ExpertBook P1 P1412CEA Core i5 11th Gen 14"" FHD Laptop",ASUS,65500,https://www.startech.com.bd/asus-expertbook-p1-p1412cea-core-i5-11th-gen-laptop,"RAM: 4GB 3200MHz, Storage: 512GB SSD"
100,"Walton Tamarind MX511G Core i5 11th Gen 14"" FHD Laptop",Walton,71500,https://www.startech.com.bd/walton-tamarind-mx511g-core-i5-11th-gen-laptop,"RAM: 8GB 3200MHz, Storage: 512GB SSD"
101,"Dell Inspiron 15 3525 Ryzen 5 5625U 15.6"" FHD Laptop",Dell,71500,https://www.startech.com.bd/dell-inspiron-15-3525-ryzen-5-fhd-laptop,"RAM: 8GB RAM, Storage: 512GB SSD"
102,"Avita Liber V14 Core i5 11th Gen 14"" FHD Laptop Flowers on Yellow",Avita,71990,https://www.startech.com.bd/avita-liber-v14-core-i5-11th-gen-laptop-flowers-on-yellow,"RAM: 8GB DDR4 RAM, Storage: 512GB SSD"
103,"Avita Liber V14 Core i5 11th Gen 14"" FHD Laptop Iris on Ruby",Avita,71990,https://www.startech.com.bd/avita-liber-v14-core-i5-11th-gen-laptop-iris-on-ruby,"RSM: 8GB DDR4 RAM, Storage: 512GB SSD"
104,"Avita Liber V14 Core i5 11th Gen 14"" FHD Laptop Paisley on Lilac",Avita,71990,https://www.startech.com.bd/avita-liber-v14-core-i5-11th-gen-laptop-paisley-on-lilac,"RAM: 8GB DDR4 RAM, Storage: 512GB SSD"
105,"Avita Liber V14 Core i5 11th Gen 14"" FHD Laptop Snowflakes on Azure Blue",Avita,71990,https://www.startech.com.bd/avita-liber-v14-core-i5-11th-gen-laptop-snowflakes-on-azure-blue,"RAM: 8GB DDR4 RAM, Storage: 512GB SSD"
106,"Avita Liber V14 Core i5 11th Gen 14"" FHD Laptop Snowflakes on Mountain Blue",Avita,71990,https://www.startech.com.bd/avita-liber-v14-core-i5-11th-gen-laptop-snowflakes-on-mountain-blue,"RAM: 8GB DDR4 RAM, Storage: 512GB SSD"
107,"HP 15s-eq3619AU Ryzen 5 5625U 15.6"" FHD Laptop",HP,72900,https://www.startech.com.bd/hp-15s-eq3619au-ryzen-5-5625u-laptop,"RAM: 8GB DDR4, Storage: 512GB SSD"
108,"ASUS ExpertBook P1 P1412CEA Core i5 11th 8GB RAM Gen 14"" FHD Laptop",ASUS,73000,https://www.startech.com.bd/asus-expertbook-p1-p1412cea-core-i5-11th-gen-fhd-laptop,"RAM: 8GB 3200MHz, Storage: 512GB SSD"
109,"Dell Latitude 14 3420 Core i3 11th Gen 14"" FHD Laptop",Dell,73500,https://www.startech.com.bd/dell-latitude-14-3420-core-i3-11th-gen-fhd-laptop,"RAM: 8GB DDR4, Storage: 256GB SSD"
110,"Realme Book Core i5 11th Gen 14"" 2k UHD Laptop",Realme,74000,https://www.startech.com.bd/realme-book-core-i5-laptop,"RAM: 8GB 4266MHz LPDDR4x, Storage: 512GB SSD"
111,"Realme Book Prime Core i5 11th Gen 14"" 2K UHD Laptop",Realme,74000,https://www.startech.com.bd/realme-book-prime-core-i5-laptop,"RAM: 8GB 4266MHz LPDDR4x, Storage: 512GB SSD"
112,"HP 15s-fq2643TU Core i5 11th Gen 15.6"" HD Laptop",HP,74500,https://www.startech.com.bd/hp-15s-fq2643tu-core-i5-11th-gen-laptop,Memory: 8 GB DDR4-3200 MHz RAM
113,"Walton Passion BX710U Core i7 10th Gen 15.6"" FHD Laptop",Walton,74550,https://www.startech.com.bd/walton-passion-bx710u-core-i7-10th-gen-laptop,"RAM: 8GB 2666MHz, Storage: 512GB SATAIII M.2 2280 SSD"
114,"Lenovo IdeaPad Slim 3i 11th Gen Core i5 15.6"" FHD Laptop with 3 Years Warranty",Lenovo,75000,https://www.startech.com.bd/lenovo-ideapad-slim-3i-11th-gen-core-i5-fhd-laptop,"RAM: 8GB DDR4 3200MHz, Storage: 512GB SSD"
115,"ASUS VivoBook 15 X1500EA Core i5 11th Gen 15.6"" FHD Laptop",ASUS,75500,https://www.startech.com.bd/asus-vivobook-15-x1500ea-core-i5-11th-gen-laptop,"RAM: 8GB DDR4 , Storage: 1TB HDD"
116,"HUAWEI MateBook B3-520 Core i5 11th Gen 15.6"" FHD Laptop",HUAWEI,76000,https://www.startech.com.bd/huawei-matebook-b3-520-core-i5-11th-gen-laptop,"RAM: 8GB LPDDR4X, Storage: 512GB SSD"
117,"ASUS VivoBook 15 X515EA Core i5 11th Gen 8 GB RAM 15.6"" FHD Laptop",ASUS,74000,https://www.startech.com.bd/asus-vivobook-15-x515ea-core-i5-11th-gen-8-gb-ram-15-6-fhd-laptop,"RAM: 8GB DDR4 RAM (ON BOARD), Storage: 512GB SSD"
118,"HP 14s-dq5445TU Core i5 12th Gen 14"" FHD Laptop",HP,76500,https://www.startech.com.bd/hp-14s-dq5445tu-core-i5-12th-gen-laptop,"RAM: 8GB RAM, Storage: 512GB SSD"
119,"HP Pavilion 15-eh1890AU Ryzen 5 5500U 15.6"" FHD Laptop",HP,74000,https://www.startech.com.bd/hp-pavilion-15-eh1890au-ryzen-5-fhd-laptop,RAM: 8GB DDR4 3200MHz RAM
120,"Lenovo IdeaPad 3 Ryzen 7 5700U 15.6"" FHD Laptop with Windows 11",Lenovo,77000,https://www.startech.com.bd/lenovo-ideapad-3-ryzen-7-laptop,RAM: 8GB 3200MHZ RAM ( 2 x 4GB )
121,"DOEL T10 Core i7 10th Gen 14"" FHD Laptop",DOEL,77500,https://www.startech.com.bd/doel-t10-core-i7-10th-gen-laptop,"RAM: 8GB DDR4, Storage: 512GB SSD"
122,"Lenovo IdeaPad 3 Ryzen 7 5700U 14"" FHD Laptop with Windows 11",Lenovo,78000,https://www.startech.com.bd/lenovo-ideapad-3-ryzen-7-fhd-laptop,RAM: 8GB 3200MHZ RAM ( 2 x 4GB )
123,"ASUS VivoBook 14 K413EA Core i5 11th Gen 14"" FHD Laptop with Windows 11",ASUS,78000,https://www.startech.com.bd/asus-vivobook-14-k413ea-core-i5-laptop,"RAM: 8GB DDR4 (On Board), Storage: 512GB SSD"
124,"Asus VivoBook 14 X1400EA Core i5 11th Gen 14"" FHD Laptop",Asus,78500,https://www.startech.com.bd/asus-vivobook-14-x1400ea-core-i5-fhd-laptop,"RAM: 8GB DDR4 , Storage: 512GB SSD"
125,"ASUS VivoBook 15 X1500EA Core i5 11th Gen 512GB SSD 15.6"" FHD Laptop",ASUS,78500,https://www.startech.com.bd/asus-vivobook-15-x1500ea-i5-fhd-laptop,"RAM: 8GB DDR4 , Storage: 512GB SSD"
126,"Huawei MateBook D15 Core i5 11th Gen 15.6"" FHD Laptop",Huawei,76000,https://www.startech.com.bd/huawei-matebook-d-15-core-i5-11th-gen-laptop,"RAM: 8GB DDR4 , Storage: 512GB SSD"
127,"Huawei MateBook B3-420 Core i5 11th Gen 14"" FHD Laptop",Huawei,76000,https://www.startech.com.bd/huawei-matebook-b3-420-core-i5-11th-gen-fhd-laptop,"RAM: 8GB DDR4 , Storage: 512GB SSD"
128,"HP 15s-eq2335AU Ryzen 7 5700U 15.6"" FHD Laptop",HP,79500,https://www.startech.com.bd/hp-15s-eq2335au-ryzen-7-5700u-laptop,"RAM: 8 GB 3200 MHz, Storage: 512GB SSD"
129,"HP 15s-du3039TX Core i5 11th Gen MX450 2GB Graphics 15.6"" FHD Laptop",HP,79500,https://www.startech.com.bd/hp-15s-du3039tx-core-i5-11th-gen-laptop,"RAM: 8GB 2666, Storage: 1 TB 5400 HDD"
130,"Lenovo IdeaPad Slim 3i 15ITL Core i5 11th Gen MX350 2GB Graphics 15.6"" FHD Laptop with 03 Years Warranty",Lenovo,76500,https://www.startech.com.bd/lenovo-ideapad-slim-3i-15itl-i5-11th-gen-fhd-laptop,"RAM: 8GB DDR4 3200MHz , Storage: 512GB SSD"
131,"Lenovo V14 Core i5 11th Gen 1TB SATA 14"" FHD Laptop",Lenovo,80000,https://www.startech.com.bd/lenovo-v14-core-i5-11th-gen-fhd-laptop,"RAM: 8GB DDR4, Storage: 1TB SATA"
132,"HP 15s-fq5620TU Core i5 12th Gen 15.6"" FHD Laptop",HP,78000,https://www.startech.com.bd/hp-15s-fq5620tu-core-i5-12th-gen-laptop,"RAM: 8GB RAM, Storage: 512GB SSD"
133,"Dell Inspiron 15 3520 Core i5 12th Gen 15.6"" FHD Laptop",Dell,79000,https://www.startech.com.bd/dell-inspiron-15-3520-core-i5-fhd-laptop,"RAM: 8GB RAM, Storage: 512GB SSD"
134,"Lenovo K14 Core i5 11th Gen 14"" FHD Business Series Laptop",Lenovo,81500,https://www.startech.com.bd/lenovo-k14-core-i5-11th-gen-laptop,"RAM: 8GB DDR4 3200MHz, Storage: 512GB SSD"
135,"Dell Latitude 14 3420 Core i5 11th Gen 512GB SSD 14"" HD Laptop",Dell,82000,https://www.startech.com.bd/dell-latitude-14-3420-core-i5-11th-gen-hd-laptop,"RAM: 8 GB 3200MHz DDR4, Storage: 512GB SSD"
136,"Acer TravelMate TMP214-53 Core i7 11th Gen 14"" FHD Laptop",Acer,80000,https://www.startech.com.bd/acer-travelmate-tmp214-53-core-i7-11th-gen-laptop,"RAM: 8GB 3200MHz, Storage: 1TB HDD"
137,"Lenovo IdeaPad Slim 5i Core i5 11th Gen 256GB SSD 15.6"" FHD Laptop",Lenovo,83000,https://www.startech.com.bd/lenovo-ideapad-slim-5i-core-i5-fhd-laptop,8GB DDR4 3200MHz RAM
138,"Lenovo IdeaPad Slim 5i Core i5 11th Gen 512GB SSD MX450 2GB Graphics 14"" FHD Laptop",Lenovo,83500,https://www.startech.com.bd/lenovo-ideapad-slim-5i-core-i5-11th-gen-fhd-laptop,8GB DDR4 3200MHz RAM
139,"Lenovo ThinkPad E14 Gen 2 Core i5 11th Gen 14"" FHD Laptop",Lenovo,83500,https://www.startech.com.bd/lenovo-thinkpad-e14-gen-2-laptop,RAM: 8GB DDR4 3200MHz
140,"Lenovo ThinkBook 14 Gen 2 ITL Core i5 11th Gen 512GB 14"" FHD Laptop",Lenovo,83500,https://www.startech.com.bd/lenovo-thinkbook-14-gen-2-itl-core-i5-11th-gen-fhd-laptop,"RAM: 8GB RAM, Storage: 512GB SSD"
141,"Xiaomi Mi NoteBook Pro Core i5 11th Gen 14"" 2.5K Display Laptop",Xiaomi,80000,https://www.startech.com.bd/xiaomi-notebook-pro-i5-11th-gen-laptop,"RAM: 16 GB DDR4 3200MHz RAM, Storage: 512 GB PCIe NVMe SSD"
142,"ASUS VivoBook 14 K413EA Core i5 11th Gen 16GB RAM 14"" FHD Laptop",ASUS,84000,https://www.startech.com.bd/asus-vivobook-14-k413ea-core-i5-11th-gen-16gb-ram-14-fhd-laptop,"RAM:16GB RAM (ON BOARD), Storage: 512GB SSD"
143,Dell Inspiron 15 3511 Core i5 11th Gen 512GB SSD MX350 2GB Graphics with Fingerprint,Dell,81500,https://www.startech.com.bd/dell-inspiron-15-3511-core-i5-11th-gen-2gb-graphics-laptop,"RAM: 8GB DDR4, Storage: 512GB NVMe SSD"
144,"Walton Tamarind MX711G Core i7 11th Gen 14"" FHD Laptop",Walton,84500,https://www.startech.com.bd/walton-tamarind-mx711g-core-i7-11th-gen-laptop,"RAM: 8GB 3200MHz, Storage: 512GB SSD"
145,"Acer TravelMate TMP214-53 Core i7 11th Gen 512GB SSD 14"" FHD Laptop",Acer,84900,https://www.startech.com.bd/acer-travelmate-tmp214-53-core-i7-11th-gen-fhd-laptop,"RAM:  8GB 3200MHz, Storage: 512 GB SSD"
146,"HP ProBook 440 G8 Core i5 11th Gen 14"" HD Laptop",HP,80500,https://www.startech.com.bd/hp-probook-440-g8-core-i5-11th-gen-hd-laptop,"RAM: 8GB DDR4, Storage: 512GB NVMe SSD"
147,"Asus ExpertBook B1 B1400CEAE Core i5 11th Gen 14"" FHD Laptop",Asus,85500,https://www.startech.com.bd/asus-expertbook-b1-b1400ceae-core-i5-11th-gen-laptop,RAM: 8GB DDR4-3200MHz
148,"Dell Inspiron 15 3525 Ryzen 7 5825U 15.6"" FHD Laptop",Dell,86000,https://www.startech.com.bd/dell-inspiron-15-3525-ryzen-7-fhd-laptop,"RAM: 8GB RAM, Storage: 512GB SSD"
149,"Dell Vostro 15 3510 Core i5 11th Gen MX350 2GB Graphics 15.6"" FHD Laptop",Dell,86900,https://www.startech.com.bd/dell-vostro-15-3510-core-i5-11th-gen-laptop,8GB DDR4 3200MHz RAM + 512GB SSD
150,HP Probook 450 G8 Core i5 11th Gen 512GB SSD 15.6 inch FHD Laptop,HP,84000,https://www.startech.com.bd/hp-probook-450-g8-i5-512gb-ssd-fhd-laptop,"RAM: 8GB DDR4, Storage: 512GB NVMe SSD"
151,"HP ProBook 440 G8 Core i5 11th Gen 14"" FHD Laptop",HP,87000,https://www.startech.com.bd/hp-probook-440-g8-core-i5-11th-gen-laptop,"RAM: 8GB DDR4, Storage: 512GB NVMe SSD"
152,"Dell Inspiron 15 5510 Core i5 11th Gen 15.6"" FHD Laptop",Dell,87500,https://www.startech.com.bd/dell-inspiron-15-5510-core-i5-11th-gen-laptop,"RAM: 8GB, Storage: 512GB NVMe SSD"
153,"ASUS VivoBook 14 X1402ZA Core i5 12th Gen 14"" FHD Laptop",ASUS,88000,https://www.startech.com.bd/asus-vivobook-14-x1402za-core-i5-12th-gen-fhd-laptop,"RAM: 8GB DDR4, Storage: 512GB NVMe SSD"
154,"ASUS VivoBook 15 X1502ZA Core i5 12th Gen 15.6"" FHD Laptop",ASUS,88000,https://www.startech.com.bd/asus-vivobook-15-x1502za-core-i5-12th-gen-laptop,"RAM: 8GB DDR4 , Storage: 512GB SSD"
155,"Lenovo IdeaPad Flex 5 AMD Ryzen 5 5500U 14"" FHD Touch Laptop",Lenovo,89500,https://www.startech.com.bd/lenovo-ideapad-flex-5-amd-ryzen-5-5500u-14-inch-touch-laptop,"RAM: 8GB 3200MHZ , Storage: 512GB SSD"
156,"Acer Swift 5 SF514-55TA Core i5 11th Gen 14"" FHD Touch Laptop",Acer,76000,https://www.startech.com.bd/acer-swift-5-sf514-55ta-11th-gen-fhd-touch-laptop,8GB 3200MHz DDR4 RAM
157,Asus ExpertBook B3 Flip B3402FEA Core i5 14-inch 360° FHD Touch Laptop,Asus,79000,https://www.startech.com.bd/asus-expertbook-b3-flip-b3402fea-core-i5-11th-gen-touch-laptop,"RAM: 8GB 3200MHz, Storage: 512GB M.2 SSD"
158,"Acer Aspire 7 A715-42G-R2NE Ryzen 5 5500U GTX 1650 4GB Graphics 15.6"" FHD Gaming Laptop",Acer,86000,https://www.startech.com.bd/acer-aspire-7-a715-42g-r2ne-ryzen-5-5500u-gaming-laptop,"RAM: 8GB DDR4, Storage: 512GB SSD"
159,"HP ProBook 455 G9 Ryzen 5 5625U 15.6"" FHD Laptop",HP,84500,https://www.startech.com.bd/hp-probook-455-g9-ryzen-5-5625u-laptop,"RAM: 8GB  3200Mhz , Storage: 512GB SSD"
160,"HP ProBook 440 G9 Core i5 12th Gen 14"" FHD Laptop",HP,89500,https://www.startech.com.bd/hp-probook-440-g9-core-i5-12th-gen-laptop,"RAM: 8GB RAM, Storage: 512GB SSD"
161,"HP Pavilion 15-eg2073TU Core i5 12th Gen 15.6"" FHD Laptop",HP,92500,https://www.startech.com.bd/hp-pavilion-15-eg2073tu-core-i5-12th-gen-laptop,"RAM: 8GB RAM, Storage: 512GB SSD"
162,"Lenovo IdeaPad 5 Pro Ryzen 5 5600U 14"" 2.2K Laptop",Lenovo,93000,https://www.startech.com.bd/lenovo-ideapad-5-pro-ryzen-5-14-inch-laptop,RAM: 16GB DDR4 3200MHz
163,"ASUS ExpertBook P1 P1512CEA Core i7 11th Gen 15.6"" FHD Laptop",ASUS,86500,https://www.startech.com.bd/asus-expertbook-p1-p1512cea-core-i7-11th-gen-laptop,"RAM: 8GB 3200MHz, Storage: 512GB SSD"
164,"HP Pavilion 15-eg2074TU Core i5 12th Gen 15.6"" FHD Laptop",HP,93000,https://www.startech.com.bd/hp-pavilion-15-eg2074tu-core-i5-12th-gen-laptop,"RAM: 8GB RAM, Storage: 512GB SSD"
165,"Dell Inspiron 15 3520 Core i7 12th Gen 15.6"" FHD Laptop",Dell,92000,https://www.startech.com.bd/dell-inspiron-15-3520-core-i7-fhd-laptop,"RAM: 8GB RAM, Storage: 512GB SSD"
166,"Asus VivoBook 15 K513EQ Core i5 11th Gen 15.6"" FHD Laptop with Windows 11",Asus,94500,https://www.startech.com.bd/asus-vivobook-15-k513eq-core-i5-11th-gen-laptop,"RAM: 8GB DDR4, Storage: 512GB M.2 SSD"
167,"ASUS Vivobook Pro 15 M3500QA Ryzen 7 5800H 15.6"" FHD Laptop",ASUS,95500,https://www.startech.com.bd/asus-vivobook-pro-15-m3500qa-ryzen-7-5800h-laptop,"RAM: 8GB DDR4 RAM, Storage: 512GB M.2 NVMe PCIe 3.0 SSD"
168,"MSI GF63 THIN 11SC Core i5 11th Gen GTX 1650 4GB Graphics 15.6"" FHD 144hz Gaming Laptop with 2 Years Warranty",MSI,90900,https://www.startech.com.bd/msi-gf63-thin-11sc-core-i5-11th-gen-fhd-gaming-laptop,8GB DDR4 3200MHz RAM
169,"Asus VivoBook S15 S533EQ Core i5 11th Gen MX350 2GB Graphics 15.6"" FHD Laptop With Windows 11",Asus,96000,https://www.startech.com.bd/asus-vivobook-s15-s533eq-i5-11th-gen-fhd-laptop,"RAM: 8GB DDR4, Storage: 512G SSD"
170,"MSI GF63 THIN 11SC Core i5 11th Gen GTX 1650 4GB Graphics 15.6"" FHD Gaming Laptop",MSI,86000,https://www.startech.com.bd/msi-gf63-thin-11sc-core-i5-11th-gen-laptop,"RAM: 8GB DDR4 3200MHz, Storage: 256Gb SSD + 1TB HDD"
171,"Dell Vostro 14 3400 Core i7 11th Gen MX330 2GB Graphics 14"" FHD Laptop With Backlit Keyboard",Dell,85500,https://www.startech.com.bd/dell-vostro-14-3400-core-i7-laptop,"RAM: 8GB DDR4,  Storage: 512GB SSD"
172,"Dell Inspiron 15 3511 Core i7 11th Gen 512GB SSD MX350 2GB Graphics 15.6"" FHD Laptop",Dell,97000,https://www.startech.com.bd/dell-inspiron-15-3511-core-i7-11th-gen-2gb-graphics-laptop,"RAM: 8GB DDR4, Storage: 512GB NVMe SSD"
173,"Asus Vivobook S15 S513EA Core i5 11th Gen 15.6"" OLED FHD Laptop",Asus,97000,https://www.startech.com.bd/asus-vivobook-s15-s513ea-core-i5-11th-gen-oled-laptop,"RAM: 8GB DDR4, Storage: 512G SSD"
174,"ASUS ExpertBook B5 B5302CEA Core i5 11th Gen 13.3"" FHD Laptop",ASUS,97500,https://www.startech.com.bd/asus-expertbook-b5-b5302cea-core-i5-11th-gen-laptop,"RAM: 8GB 3200MHz, Storage: 512GB SSD"
175,"Acer Aspire 7 A715-51G Core i5 12th Gen GTX 1650 4GB Graphics 15.6"" FHD Gaming Laptop",Acer,98000,https://www.startech.com.bd/acer-aspire-7-a715-5g-core-i5-12th-gen-gaming-laptop,"RAM: 8GB DDR4, Storage: 512GB SSD"
176,"HUAWEI MateBook D16 Core i5 12th Gen 16"" FHD Laptop",HUAWEI,99000,https://www.startech.com.bd/huawei-matebook-d-16-core-i5-12th-gen-laptop,"RAM: 16GB LPDDR4X, Storage: 512GB SSD"
177,"Asus TUF Gaming F15 FX506LH Core i5 10th Gen GTX 1650 4GB Graphics 15.6"" FHD Gaming Laptop with Windows 11",Asus,99500,https://www.startech.com.bd/asus-tuf-gaming-f15-fx506lh-core-i5-10th-gen-laptop,"RAM: 8GB DDR4, Storage: 512GB SSD"
178,"Asus TUF Gaming F15 FX506LHB Core i5 10th Gen GTX 1650 4GB Graphics 15.6"" FHD Gaming Laptop",Asus,99500,https://www.startech.com.bd/asus-tuf-gaming-f15-fx506lhb-core-i5-10th-gen-laptop,"RAM: 8GB DDR4, Storage: 512GB SSD"
179,"MSI GF63 THIN 11SC Core i7 11th Gen GTX 1650 4GB Graphics 15.6"" FHD 144hz Gaming Laptop",MSI,99500,https://www.startech.com.bd/msi-gf63-thin-11sc-core-i7-11th-gen-fhd-gaming-laptop,"RAM: 8GB DDR4, Storage: 512GB SSD"
180,"ASUS ZenBook 14 UM425UA Ryzen 5 5500U 14"" FHD Laptop",ASUS,95000,https://www.startech.com.bd/asus-zenbook-14-um425ua-ryzen-5-5500u-laptop,"RAM: 8GB, Storage: 512GB SSD"
181,"Dell Inspiron 15 5510 Core i7 11th Gen 15"" FHD Laptop",Dell,101000,https://www.startech.com.bd/dell-inspiron-15-5510-core-i7-11th-gen-laptop,"RAM: 8GB, Storage: 512GB NVMe SSD"
182,"ASUS VivoBook 14X X1403ZA Core i5 12th Gen 14"" OLED Laptop",ASUS,102000,https://www.startech.com.bd/asus-vivobook-14x-x1403za-core-i5-12th-gen-oled-laptop,"RAM: 8GB DDR4, Storage: 512GB NVMe SSD"
183,"Asus VivoBook 15 S513EQ Core i5 11th Gen 8GB RAM 15.6"" OLED FHD Laptop",Asus,102500,https://www.startech.com.bd/asus-vivobook-15-s513eq-core-i5-11th-gen-fhd-laptop,"RAM: 8GB DDR4 (ON BOARD), Storage: 512GB M.2 SSD"
184,"Asus VivoBook 15 OLED K513EQ Core i5 11th Gen MX350 2GB Graphics 15.6"" FHD Laptop",Asus,103000,https://www.startech.com.bd/asus-vivobook-15-oled-k513eq-core-i5-laptop,RAM: 8GB DDR4 RAM
185,"Lenovo ThinkPad E14 Core i7 11th Gen 14"" FHD Laptop",Lenovo,103000,https://www.startech.com.bd/lenovo-thinkpad-e14-core-i7-11th-gen-laptop,Memory: 8GB DDR4L 3200MHz RAM
186,"Asus VivoBook 15 K513EQ Core i5 11th Gen 15.6"" OLED FHD Laptop",Asus,103000,https://www.startech.com.bd/asus-vivobook-15-k513eq-core-i5-11th-gen-oled-laptop,"RAM: 8GB DDR4, Storage: 512GB M.2 SSD"
187,"Lenovo IdeaPad Flex 5 Ryzen 7 5700U 14"" FHD Touch Laptop",Lenovo,103000,https://www.startech.com.bd/lenovo-ideapad-flex-5-ryzen-7-5700u-touch-laptop,"RAM: 16GB DDR4, Storage: 512GB SSD"
188,"HP Pavilion 15-eg2072tu Core i7 12th Gen 15.6"" FHD Laptop",HP,99500,https://www.startech.com.bd/hp-pavilion-15-eg2072tu-core-i7-12th-gen-laptop,"RAM: 8GB RAM, Storage: 512GB SSD"
189,"Dell Latitude 14 3420 Core i7 11th Gen 14"" FHD Laptop",Dell,108000,https://www.startech.com.bd/dell-latitude-14-3420-core-i7-11th-gen-fhd-laptop,"RAM: 8 GB 3200MHz, Storage: 512GB SSD"
190,"Lenovo IdeaPad Gaming 3i Core i5 11th Gen RTX 3050 4GB Graphics 15.6"" FHD Laptop",Lenovo,108000,https://www.startech.com.bd/lenovo-ideapad-gaming-3i-core-i5-11th-gen-full-hd-laptop,"RAM: 8GB DDR4 3200MHz, Storage: 512GB NVMe SSD"
191,"GIGABYTE G5 GD Core i5 11th Gen RTX 3050 4GB Graphics 15.6"" FHD Gaming Laptop",GIGABYTE,109000,https://www.startech.com.bd/gigabyte-g5-gd-core-i5-11th-gen-gaming-laptop,"RAM: 16GB (8GBx2) DDR4 3200MHz , Storage: 512GB SSD"
192,"Asus ZenBook 14 UX425EA Intel Core i5 1135G7 11th Gen 14"" FHD WV Laptop",Asus,109000,https://www.startech.com.bd/asus-zenbook-14-ux425ea-intel-core-i5-1135g7-14-inch-fhd-laptop,"RAM: 8GB DDR4 2666MHz, Storage: 512GB SSD"
193,"Asus ExpertBook B1 B1400CEAE Core i7 11th Gen 14"" FHD Laptop",Asus,110000,https://www.startech.com.bd/asus-expertbook-b1-b1400ceae-core-i7-11th-gen-laptop,"RAM: 16GB 3200MHz, Storage: 512GB M.2 SSD"
194,"Asus VivoBook 15 X513EP Core i7 11th Gen MX330 2GB Graphics 15.6"" FHD Laptop With Windows 11",Asus,112000,https://www.startech.com.bd/asus-vivobook-15-x513ep-core-i7-11th-gen-fhd-laptop,"RAM: 8GB DDR4 (ON BOARD), Storage: 512GB M.2 SSD"
195,"Acer Aspire 7 A715-51G Core i5 12th Gen RTX 3050 4GB Graphics 15.6"" FHD Gaming Laptop",Acer,112000,https://www.startech.com.bd/acer-aspire-7-a715-51g-core-i5-12th-gen-gaming-laptop,"RAM: 8GB DDR4, Storage: 512GB SSD"
196,"Lenovo ThinkPad L14 Gen 3 Core i5 12th Gen 14"" FHD Business Laptop",Lenovo,112500,https://www.startech.com.bd/lenovo-thinkpad-l14-gen-3-core-i5-12th-gen-fhd-laptop,"RAM: 8GB RAM, Storage: 512GB SSD"
197,"Apple MacBook Air 13.3-Inch Retina Display 8-core Apple M1 chip with 8GB RAM, 256GB SSD (MGN63) Space Gray",Apple,108000,https://www.startech.com.bd/apple-macbook-air-13-3-inch-m1-chip-laptop-256gb-ssd,"RAM: 8GB, Storage: 256GB SSD"
198,"Apple MacBook Air 13.3-Inch Retina Display 8-core Apple M1 chip with 8GB RAM, 256GB SSD (MGND3) Gold",Apple,113000,https://www.startech.com.bd/apple-macbook-air-13-3-inch-m1-chip-laptop-256gb-ssd-gold,"RAM: 8GB, Storage: 256GB SSD"
199,"Asus VivoBook 15 K513EQ Core i7 11th Gen 15.6"" FHD Laptop",Asus,113000,https://www.startech.com.bd/asus-vivobook-15-k513eq-core-i7-11th-gen-laptop,Memory: 8GB DDR4 RAM (Onboard)
200,"ASUS ZenBook 14 UM425UA Ryzen 7 5700U 14"" FHD Laptop with Windows 11",ASUS,113000,https://www.startech.com.bd/asus-zenbook-14-um425ua-laptop,"RAM: 16GB, Storage: 512GB SSD"
201,"Asus VivoBook 15 K513EQ Core i7 11th Gen 15.6"" FHD Laptop with Windows 11",Asus,113000,https://www.startech.com.bd/asus-vivobook-15-k513eq-core-i7-11th-gen-fhd-laptop,"RAM: 8GB DDR4, Storage: 512GB M.2 SSD"
202,"ASUS VivoBook Pro 15 K3500PA Core i7 11th Gen 15.6"" FHD Laptop",ASUS,115000,https://www.startech.com.bd/asus-vivobook-pro-15-k3500pa-11th-gen-core-i7-laptop,8GB DDR4 RAM (On Board)
203,"Asus VivoBook 14 K413EQ Core i7 11th Gen 14"" FHD Laptop",Asus,115000,https://www.startech.com.bd/asus-vivobook-14-k413eq-core-i7-11th-gen-fhd-laptop,RAM: 16GB DDR4; Storage: 512GB SSD
204,"MSI Bravo 15 B5DD Ryzen 5 5600H RX 5500M 4GB Graphics 15.6"" FHD 144Hz Gaming Laptop",MSI,115000,https://www.startech.com.bd/msi-bravo-15-b5dd-ryzen-5-5600h-gaming-laptop,"RAM: 8GB DDR4, Storage: 512GB SSD"
205,Asus ExpertBook B3 Flip B3402FEA Core i7 16gb Ram 14-inch 360° FHD Touch Laptop,Asus,100500,https://www.startech.com.bd/asus-expertbook-b3-flip-b3402fea-i7-11th-gen-laptop,"RAM: 16GB 3200MHz, Storage: 512GB M.2 SSD"
206,"MSI GF63 THIN 11UC Core i5 11th Gen 512GB SSD RTX 3050 Max-Q 4GB Graphics 15.6"" FHD Gaming Laptop",MSI,110000,https://www.startech.com.bd/msi-gf63-thin-11uc-core-i5-11th-gen-gaming-laptop,"RAM: 8GB DDR4 3200MHz, Storage: 512GB SSD"
207,"Asus VivoBook 15 S513EQ Core i7 11th Gen MX350 2GB Graphics 15.6"" FHD OLED Laptop",Asus,118000,https://www.startech.com.bd/asus-vivobook-15-s513eq-core-i7-11th-gen-mx350-2gb-graphics-fhd-oled-laptop,"RAM: 8GB DDR4 (ONBOARD), Storage: 512GB M.2 SSD"
208,"ASUS ZenBook 14X UX5401EA Core i5 11th Gen 14"" 2.8K OLED Touch Laptop",ASUS,119000,https://www.startech.com.bd/asus-zenbook-14x-ux5401ea-touch-laptop,8GB LPDDR4X RAM (On Board)
209,"Asus VivoBook 15 S513EQ Core i7 11th Gen MX350 2GB Graphics 15.6"" FHD Laptop",Asus,119000,https://www.startech.com.bd/asus-vivobook-15-s513eq-core-i7-11th-gen-mx350-2gb-graphics-laptop,"RAM: 8GB DDR4 (ONBOARD), Storage: 512GB M.2 SSD"
210,"Lenovo IdeaPad Slim 5i Pro Core i5 11th Gen MX450 2GB Graphics 16"" Laptop With 3 Years Warranty",Lenovo,121000,https://www.startech.com.bd/lenovo-ideapad-slim-5i-pro-i5-11th-gen-laptop,"RAM: 16GB, Storage: 512GB SSD"
211,"Lenovo ThinkPad L14 Gen 3 Core i7 12th Gen 14"" FHD Business Laptop",Lenovo,127500,https://www.startech.com.bd/lenovo-thinkpad-l14-gen-3-core-i7-12th-gen-fhd-laptop,"RAM: 8GB RAM, Storage: 512GB SSD"
212,"Microsoft Surface Pro 8 Core i5 11th Gen 8GB RAM 256GB SSD 13"" MultiTouch 2-in-1 Detachable Laptop (8PQ-00028)",Microsoft,129000,https://www.startech.com.bd/microsoft-surface-pro-8-core-i5-13-inch-2-in-1-laptop,RAM: 8GB LPDDR4x RAM
213,"Asus ZenBook 14 OLED UM3402YA Ryzen 5 5625U 14"" WQHD Laptop",Asus,129500,https://www.startech.com.bd/asus-zenbook-14-oled-um3402ya-ryzen-5-5625u-14-inch-laptop,"RAM: 16GB, Storage: 512GB SSD"
214,"Asus ZenBook 14 Flip OLED UN5401QA Ryzen 5 5600H 14"" 2.8K OLED Touch Laptop",Asus,130000,https://www.startech.com.bd/asus-zenbook-14-flip-oled-un5401qa-ryzen-5-touch-laptop,"RAM: 16GB, Storage: 512GB SSD"
215,"Asus Vivobook S 16X S5602ZA Core i5 12th Gen 16"" WQXGA Display Laptop",Asus,130000,https://www.startech.com.bd/asus-vivobook-s-16x-s5602za-i5-12th-gen-laptop,"Ram: 16GB DDR4, Storage: 512GB SSD"
216,"Dell Inspiron 16 5620 Core i7 12th Gen 16"" FHD+ Laptop",Dell,134000,https://www.startech.com.bd/dell-inspiron-16-5620-core-i7-12th-gen-laptop,"RAM: 16GB DDR4, Storage: 512GB SSD"
217,"ASUS Vivobook Pro 15 M3500QC Ryzen 5 5600H RTX 3050 4GB Graphics 15.6"" FHD Laptop",ASUS,135000,https://www.startech.com.bd/asus-vivobook-pro-15-m3500qc-ryzen-5-laptop,"Memory: 16GB DDR4, Storage: 512GB SSD"
218,"Asus ZenBook 14 Flip OLED UP5401EA Core i5 11th Gen 14"" 2.8K OLED Touch Laptop",Asus,135000,https://www.startech.com.bd/asus-zenbook-14-flip-oled-up5401ea-core-i5-11th-gen-laptop,Memory: 8GB LPDDR4X RAM on board
219,"Lenovo IdeaPad Gaming 3i Core i7 11th Gen GTX 1650 4GB Graphics 15.6"" FHD Laptop With 3 Years Warranty",Lenovo,136000,https://www.startech.com.bd/lenovo-ideapad-gaming-3i-core-i7-11th-gen-fhd-laptop,Memory: 16GB DDR4 3200MHz RAM
220,"Asus ZenBook 14 OLED UM3402YA Ryzen 7 5825U 14"" WQHD Laptop",Asus,139500,https://www.startech.com.bd/asus-zenbook-14-oled-um3402ya-ryzen-7-5825U-14-inch-laptop,"RAM: 16GB, Storage: 512GB SSD"
221,"Lenovo IdeaPad Slim 5i Pro Core i7 11th Gen MX450 2GB Graphics 14"" 2.2K Laptop",Lenovo,140000,https://www.startech.com.bd/lenovo-ideapad-slim-5i-pro-core-i7-11th-gen-laptop,Memory: 16GB DDR4 3200MHz RAM
222,"MSI Prestige 14 A11SB Core i7 11th Gen MX450 2GB Graphics 14"" FHD Laptop",MSI,140000,https://www.startech.com.bd/msi-prestige-14-a11sb-core-i7-11th-gen-fhd-laptop,"RAM: 16GB LPDDR4x, Storage: 1TB PCIe SSD"
223,"Acer Predator PH315-53 Intel Core i7 10th Gen RTX 2060 6GB Graphics 15.6"" 144Hz FHD Gaming Laptop",Acer,143000,https://www.startech.com.bd/acer-predator-ph315-53-rtx-2060-gaming-laptop,"RAM: 16GB, Storage: 256GB SSD + 1TB HDD"
224,"MSI Prestige 14 A11SCX Core i7 11th Gen GTX1650 Max-Q 4GB graphics 14"" UHD Laptop",MSI,143500,https://www.startech.com.bd/msi-prestige-14-a11scx-core-i7-11th-gen-laptop,16GB RAM + 1TB NVMe PCIe SSD
225,"MSI Summit E14 A11SCS Core i7 11th Gen GTX 1650 Ti Max-Q 4GB Graphics 14"" UHD Laptop",MSI,144000,https://www.startech.com.bd/msi-summit-e14-a11scs-core-i7-11th-gen-uhd-laptop,RAM: 16GB LPDDR4 + Storage: 1TB SSD
226,"ASUS Vivobook Pro 15 M3500QC Ryzen 7 5800H RTX 3050 4GB Graphics 15.6"" FHD Laptop",ASUS,145000,https://www.startech.com.bd/asus-vivobook-pro-15-m3500qc-ryzen-7-laptop,"RAM: 16GB DDR4, Storage: 512GB SSD"
227,"Lenovo IdeaPad Flex 5i Core i7 11th Gen MX450 2GB Graphics 14"" FHD Touch Laptop with Windows 11 Home",Lenovo,145000,https://www.startech.com.bd/lenovo-ideapad-flex-5i-11th-gen-core-i7-touch-laptop,Memory and  Storage: 16GB RAM+ 512GB SSD
228,Apple MacBook Air (2022) Apple M2 Chip 13.6-Inch Liquid Retina Display 8GB RAM 256GB SSD Starlight #MLY13LL/A / MLY13ZP/A,Apple,147500,https://www.startech.com.bd/apple-macbook-air-2022-m2-chip-13-6-inch-starlight,"RAM: 8GB, Storage: 256GB SSD"
229,Apple MacBook Air (2022) Apple M2 Chip 13.6-Inch Liquid Retina Display 8GB RAM 256GB SSD Silver #MLXY3LL/A / MLXY3ZP/A,Apple,147500,https://www.startech.com.bd/apple-macbook-air-2022-m2-chip-13-6-inch-silver,"RAM: 8GB, Storage: 256GB SSD"
230,Apple MacBook Air (2022) Apple M2 Chip 13.6-Inch Liquid Retina Display 8GB RAM 256GB SSD Space Gray #MLXW3LL/A / MLXW3ZP/A,Apple,147500,https://www.startech.com.bd/apple-macbook-air-2022-m2-chip-13-6-inch-space-gray,"RAM: 8GB, Storage: 256GB SSD"
231,Apple MacBook Air (2022) Apple M2 Chip 13.6-Inch Liquid Retina Display 8GB RAM 256GB SSD Midnight #MLY33LL/A / MLY33ZP/A,Apple,147500,https://www.startech.com.bd/apple-macbook-air-2022-m2-chip-13-6-inch-midnight,"RAM: 8GB, Storage: 256GB SSD"
232,"Acer Nitro 5 AN515-46-R3U8 Ryzen 5 6600H RTX 3050 4GB Graphics 15.6"" QHD 165Hz Gaming Laptop",Acer,148000,https://www.startech.com.bd/acer-nitro-5-an515-46-r3u8-ryzen-5-6600h-gaming-laptop,"RAM: 8GB DDR5, Storage: 1TB SSD"
233,"ASUS Vivobook S 16X OLED M5602RA Ryzen 7 6800H 16"" OLED Laptop",ASUS,149000,https://www.startech.com.bd/asus-vivobook-s-16x-oled-m5602ra-ryzen-7-6800h-16-inch-laptop,"RAM: 16GB DDR5, Storage: 512GB SSD"
234,"GIGABYTE G5 KE Core i5 12th Gen RTX 3060 6GB Graphics 15.6"" FHD 144Hz Gaming Laptop",GIGABYTE,150000,https://www.startech.com.bd/gigabyte-g5-ke-core-i5-12th-gen-fhd-laptop,"RAM: 8GB DDR4 3200MHz , Storage: 512GB SSD"
235,"ASUS Vivobook Pro 15 OLED M3500QC Ryzen 7 5800H RTX 3050 4GB Graphics 15.6"" FHD Laptop with Windows 11",ASUS,150000,https://www.startech.com.bd/asus-vivobook-pro-15-oled-m3500qc-ryzen-7-5800h-fhd-laptop,"RAM: 16GB DDR4, Storage: 512GB SSD"
236,"Acer Nitro 5 AN515-45-R4TJ Ryzen 7 256GB SSD RTX 3050Ti 4GB Graphics 15.6"" FHD 144Hz Gaming Laptop",Acer,151000,https://www.startech.com.bd/acer-nitro-5-an515-45-r4tj-ryzen-7-gaming-laptop,"RAM: 16GB, Storage: 256GB SSD + 1TB HDD"
237,Apple MacBook Pro 13.3-Inch Retina Display M2 Chip 8GB RAM 256GB SSD Space Gray (MNEH3),Apple,155000,https://www.startech.com.bd/apple-macbook-pro-13-inch-m2-chip-8gb-ram-256gb-ssd-space-gray,"RAM: 8GB, Storage: 256GB SSD"
238,"Microsoft Surface Laptop 4 Core i5 11th Gen 16GB RAM 512GB SSD 13.5"" Multi Touch Display Laptop (5AI-00085)",Microsoft,155000,https://www.startech.com.bd/microsoft-surface-laptop-4-core-i5-11th-gen-16gb-ram-laptop,"RAM: 16GB LPDDR4x, Storage: 512GB SSD"
239,"Microsoft Surface Pro 8 Core i5 11th Gen 8GB RAM 256GB SSD 13"" MultiTouch 2-in-1 Detachable Laptop With Keyboard (IUS-00001)",Microsoft,155000,https://www.startech.com.bd/microsoft-surface-pro-8-core-i5-11th-gen-13-inch-laptop,RAM: 8GB LPDDR4x RAM
240,"Lenovo ThinkPad P14s Gen 2 Core i5 11th Gen 14"" FHD Business Laptop",Lenovo,155500,https://www.startech.com.bd/lenovo-thinkpad-p14s-gen-2-core-i5-11th-gen-fhd-laptop,"RAM: 8GB RAM, Storage: 512GB SSD"
241,"Asus ZenBook 14X OLED UX5401EA Core i7 11th Gen 14"" 2.8K OLED Touch Laptop",Asus,157000,https://www.startech.com.bd/asus-zenbook-14x-oled-ux5401ea-core-i7-11th-gen-touch-laptop,"RAM: 16GB, Storage: 512GB SSD"
242,"Acer Predator PH315-53 Intel Core i7 10th Gen RTX 3060 6GB Graphics 15.6"" 144Hz FHD Gaming Laptop",Acer,158000,https://www.startech.com.bd/acer-predator-ph315-53-core-i7-256gb-ssd-gaming-laptop,16 GB RAM + 256GB SSD+ 1TB HDD
243,"Asus ZenBook 14 Flip OLED UP5401EA Core i7 11th Gen 14"" 2.8K OLED Touch Laptop",Asus,158000,https://www.startech.com.bd/asus-zenbook-14-flip-oled-up5401ea-core-i7-11th-gen-laptop,Memory: 16GB LPDDR4X RAM on board
244,"ASUS Vivobook Pro 15 M3500QC Ryzen 9 5900HX RTX 3050 4GB Graphics 15.6"" FHD Laptop",ASUS,158000,https://www.startech.com.bd/asus-vivobook-pro-15-m3500qc-ryzen-9-fhd-laptop,"RAM: 16GB DDR4, Storage: 512GB SSD"
245,"Microsoft Surface Pro 8 Core i7 11th Gen 256GB SSD 13"" MultiTouch 2-in-1 Detachable Laptop (8PV-00001)",Microsoft,159000,https://www.startech.com.bd/microsoft-surface-pro-8-intel-core-i7-multitouch-detachable-laptop,RAM: 16GB LPDDR4x RAM
246,"ASUS ZenBook Duo 14 UX482EAR i7 11th Gen 14"" FHD Touch Laptop with Pen",ASUS,159000,https://www.startech.com.bd/asus-zenbook-duo-14-ux482ear-i7-11th-gen-fhd-touch-laptop,"RAM: 16GB LPDDR4X, Storage: 512GB NVMe SSD"
247,Apple MacBook Pro 13.3-Inch Retina Display M2 Chip 8GB RAM 256GB SSD Silver (MNEP3),Apple,160000,https://www.startech.com.bd/apple-macbook-pro-13-inch-m2-chip-8gb-ram-256gb-ssd-silver,"RAM:  8GB , Storage: 256GB SSD"
248,"HP EliteBook 840 G8 Core i7 11th Gen 16GB RAM, 512GB SSD 14"" FHD Laptop",HP,162000,https://www.startech.com.bd/hp-elitebook-840-g8-core-i7-11th-gen-laptop,RAM: 16GB DDR4 3200Mhz
249,"ASUS TUF Gaming F15 FX506HE Core i7 11th Gen RTX 3050Ti 4GB Graphics 15.6"" FHD Gaming Laptop",ASUS,162000,https://www.startech.com.bd/asus-tuf-gaming-f15-fx506he-i7-11th-gen-rtx-3050ti-4gb-graphics-laptop,"RAM: 8GB DDR4, Storage: 512GB SSD"
250,"HP Elite Dragonfly G2 Core i5 11th Gen 13.3"" FHD Touch Laptop",HP,164000,https://www.startech.com.bd/hp-elite-dragonfly-g2-core-i5-touch-laptop,8GB LPDDR4x 4266MHz RAM
251,"Asus Vivobook Pro 16X OLED N7600PC Core i7 11th Gen RTX3050 4GB Graphics 16"" 4K Gaming Laptop",Asus,167000,https://www.startech.com.bd/asus-vivobook-pro-16x-oled-n7600pc-core-i7-gaming-laptop,RAM: 16GB DDR4 on board
252,"MSI Creator M16 A12UC Core i7 12th Gen RTX 3050 4GB Graphics 16"" QHD+ Laptop",MSI,168000,https://www.startech.com.bd/msi-creator-m16-a12uc-core-i7-12th-gen-laptop,"RAM: 16GB (8GBx2) DDR4, Storage: 512GB SSD"
253,"Lenovo Yoga Slim 7 Carbon 14ACN6 Ryzen 7 5800U MX450 2GB Graphics 14"" 2.8K OLED Display Laptop",Lenovo,172000,https://www.startech.com.bd/lenovo-yoga-slim-7-carbon-14acn6-ryzen-7-laptop,16GB RAM + 1TB M.2 NVMe SSD
254,"ASUS ZenBook Duo 14 UX482EA Core i7 11th Gen 14"" FHD Touch Laptop",ASUS,174000,https://www.startech.com.bd/asus-zenbook-duo-14-ux482ea-i7-11th-gen-touch-laptop,"RAM: 16GB LPDDR4X, Storage: 512GB NVMe SSD"
255,"ASUS ZenBook Duo 14 UX482EA 11th Gen Core i7 1TB SSD Gen 14"" FHD Touch Laptop",ASUS,174000,https://www.startech.com.bd/asus-zenbook-duo-14-ux482ea-11th-gen-1tb-ssd-touch-laptop,"RAM: 8GB LPDDR4X, Storage: 1TB NVMe SSD"
256,Apple MacBook Air (2022) Apple M2 Chip 13.6-Inch Liquid Retina Display 8GB RAM 512GB SSD Space Gray #MLXX3LL/A,Apple,174000,https://www.startech.com.bd/apple-macbook-air-2022-m2-chip-512gb-ssd-13-6-inch-space-gray,"RAM: 8GB, Storage: 512GB SSD"
257,Apple MacBook Air (2022) Apple M2 Chip 13.6-Inch Liquid Retina Display 8GB RAM 512GB SSD Midnight #MLY43LL/A,Apple,174000,https://www.startech.com.bd/apple-macbook-air-2022-m2-chip-512gb-ssd-13-6-inch-midnight,"RAM: 8GB, Storage: 512GB SSD"
258,"Microsoft Surface Laptop 4 Core i7 11th Gen 16GB RAM 512GB SSD 15"" Multi Touch Display Laptop (5IM-00053)",Microsoft,178000,https://www.startech.com.bd/microsoft-surface-laptop-4-core-i7-11th-gen-laptop,RAM: 16MB LPDDR4x RAM
259,"Asus Vivobook Pro 16X OLED M7600QE Ryzen 7 5800H RTX 3050Ti 4GB Graphics 16"" 4K Gaming Laptop",Asus,178000,https://www.startech.com.bd/asus-vivobook-pro-16x-oled-m7600qe-ryzen-7-laptop,RAM: 16GB DDR4 RAM (On Board)
260,"ASUS TUF Gaming A15 FA507RE Ryzen 7 6800H RTX 3050 Ti 4GB Graphics 15.6"" FHD Gaming Laptop",ASUS,178000,https://www.startech.com.bd/asus-tuf-gaming-a15-fa507re-ryzen-7-6800h-laptop,"RAM: 16GB DDR5, Storage: 512GB SSD"
261,"Microsoft Surface Laptop Studio Core i5 11th Gen 16GB RAM 14.4"" Touchscreen 2-in-1 Laptop (THR-00001)",Microsoft,178000,https://www.startech.com.bd/microsoft-surface-laptop-studio-core-i5-2-in-1-laptop,"RAM: 16GB LPDDR4x, Storage: 256GB SSD"
262,"ASUS Zenbook S 13 OLED UP5302ZA-LX155W Core i7 12th Gen 13.3"" 2.8K Touch Laptop",ASUS,179990,https://www.startech.com.bd/asus-zenbook-s-13-oled-up5302za-core-i7-12th-gen-laptop,"RAM: 16GB LPDDR5 on board, Storage: 512GB SSD"
263,"ASUS TUF Gaming A15 FA507RE Ryzen 7 6800H RTX 3050 Ti 4GB Graphics 15.6"" FHD Jaeger Gray Gaming Laptop",ASUS,180000,https://www.startech.com.bd/asus-tuf-gaming-a15-fa507re-ryzen-7-6800h-fhd-laptop,"RAM: 16GB DDR5, Storage: 512GB SSD"
264,"Lenovo YOGA Slim 7i Carbon Core i7 11th Gen 13.3"" Laptop",Lenovo,183000,https://www.startech.com.bd/lenovo-yoga-slim-7i-carbon-i7-11th-gen-laptop,16GB DDR4 4266MHz RAM
265,"Lenovo ThinkPad P14s Gen 2 Core i5 11th Gen T500 4GB Graphics Card 14"" FHD Business Laptop",Lenovo,185000,https://www.startech.com.bd/lenovo-thinkpad-p14s-gen-2-core-i5-11th-gen-laptop,"RAM: 16GB RAM, Storage: 512GB SSD"
266,"ASUS ROG STRIX G15 G513IM Ryzen 7 4800H 16GB RAM RTX 3060 6GB 15.6"" WQHD Gaming Laptop",ASUS,187000,https://www.startech.com.bd/asus-rog-strix-g15-g513im-ryzen-7-4800h-wqhd-gaming-laptop,"RAM: 16GB DDR4 , Storage: 512GB SSD"
267,"Acer Predator PH315-53 Intel Core i7 10th Gen RTX 3070 8GB Graphics 15.6"" 300Hz FHD Gaming Laptop",Acer,188000,https://www.startech.com.bd/acer-predator-ph315-53-rtx-3070-gaming-laptop,"RAM: 16GB, Storage: 1TB SSD"
268,"Lenovo ThinkPad P14s Gen 2 Core i7 11th Gen T500 4GB Graphics Card 14"" FHD Business Laptop",Lenovo,190000,https://www.startech.com.bd/lenovo-thinkpad-p14s-gen-2-core-i7-11th-gen-laptop,"RAM: 16GB RAM, Storage: 512GB SSD"
269,"Lenovo Legion Slim 7 15ACH6 AMD Ryzen 7 5800H RTX 3060 6GB Graphics 15.6"" WQHD Laptop",Lenovo,203000,https://www.startech.com.bd/lenovo-legion-slim-7-15ach6-amd-ryzen-7-wqhd-laptop,Graphics: NVIDIA GeForce RTX 3060 6GB GDDR6
270,"GIGABYTE AERO 15 OLED KC Core i7 10th Gen RTX 3060P 6GB Graphics 15.6"" UHD Gaming Laptop",GIGABYTE,206000,https://www.startech.com.bd/gigabyte-aero-15-oled-kc-core-i7-gaming-laptop,"RAM: 16GB DDR4, Storage: 512GB SSD"
271,"ASUS ROG Strix G15 G513RM Ryzen 7 6800H RTX 3060 6GB Graphics 15.6"" FHD Gaming Laptop",ASUS,218000,https://www.startech.com.bd/asus-rog-strix-g15-g513rm-ryzen-7-6800h-gaming-laptop,Memory: 16GB DDR5 4800MHz RAM
272,"Acer Nitro 5 AN515-58-74EF Core i7 12th Gen RTX 3060 6GB Graphics 15.6"" QHD 165Hz Gaming Laptop",Acer,218000,https://www.startech.com.bd/acer-nitro-5-an515-58-74ef-core-i7-12th-gen-gaming-laptop,"RAM: 16GB DDR4, Storage: 1TB SSD"
273,"MSI Summit E16 Flip Evo A13MT Core i7 13th Gen 16GB RAM 16"" FHD+ 165Hz Touch Laptop",MSI,219900,https://www.startech.com.bd/msi-summit-e16-flip-evo-a13mt-core-i7-13th-gen-laptop,"RAM: 16GB LPDDR5, Storage: 1TB SSD"
274,"Acer Predator Helios 300 PH315-54-78C9 Core i7 11th Gen RTX 3070 8GB Graphics 15.6"" FHD 300Hz Gaming Laptop",Acer,220000,https://www.startech.com.bd/acer-predator-helios-300-ph315-54-78c9-fhd-gaming-laptop,"RAM: 32GB, Storage: 512GB SSD + 1TB HDD"
275,"MSI Creator Z16 A11UET Core i7 11th Gen RTX 3060 Max-Q 6GB Graphics 16"" QHD Gaming Laptop",MSI,223500,https://www.startech.com.bd/msi-creator-z16-a11uet-16-inch-qhd-gaming-laptop,RAM: 16GB (8GB x 2) DDR4 3200MHz
276,"GIGABYTE Aorus 15P XD Core i7 11th Gen RTX 3070 8GB Graphics 15.6"" FHD Gaming Laptop",GIGABYTE,224000,https://www.startech.com.bd/gigabyte-aorus-15p-xd-core-i7-11th-gen-gaming-laptop,"RAM: 16GB (8GBx2) DDR4, Storage: 1TB NVMe SSD"
277,GIGABYTE AERO 5 KE4 Core i7 12th Gen RTX 3060 6GB Graphics 15.6'' 4K UHD OLED Gaming Laptop,GIGABYTE,224000,https://www.startech.com.bd/gigabyte-aero-5-ke4-core-i7-12th-gen-gaming-laptop,"RAM: 16GB (8GBx2) 3200MHz, Storage: 1TB SSD"
278,"ASUS Zenbook Pro 14 Duo OLED UX8402ZA-M3031W Core i7 12th Gen 14.5"" 2.8K Touch Laptop",ASUS,224990,https://www.startech.com.bd/asus-zenbook-pro-14-duo-oled-ux8402za-core-i7-12th-gen-laptop,"RAM: 16GB LPDDR5 on board, Storage: 1TB SSD"
279,"GIGABYTE Aorus 15G XC Core i7 10th Gen RTX 3070Q 8GB Graphics 15.6"" 240Hz FHD Gaming Laptop",GIGABYTE,227000,https://www.startech.com.bd/gigabyte-aorus-15g-xc-core-i7-gaming-laptop,"RAM: 32GB, Storage: 512GB  NVMe SSD"
280,"MSI Vector GP66 12UEO Core i7 12th Gen RTX 3060 6GB Graphics 15.6"" FHD 240Hz Gaming Laptop",MSI,229000,https://www.startech.com.bd/msi-vector-gp66-12ueo-core-i7-12th-gen-gaming-laptop,"RAM: 16GB (8GBx2) DDR5 4800MHz, Storage: 1TB SSD"
281,"ASUS ROG Strix G15 G713RM Ryzen 7 6800H RTX 3060 6GB Graphics 17.3"" FHD WV Gaming Laptop",ASUS,232000,https://www.startech.com.bd/asus-rog-strix-g15-g713rm-ryzen-7-6800h-fhd-gaming-laptop,Memory: 16GB DDR5 4800MHz RAM
282,"MSI Sword 15 A12VF Core i7 12th Gen 16GB RAM RTX 4060 8GB Graphics 15.6"" FHD 144Hz Gaming Laptop",MSI,234900,https://www.startech.com.bd/msi-sword-15-a12vf-core-i7-12th-gen-gaming-laptop,"RAM: 16GB (8x2) DDR5, Storage: 1TB SSD"
283,Lenovo ThinkPad X1 Carbon Gen 9 Core i7 14 Inch WUXGA IPS Laptop,Lenovo,238000,https://www.startech.com.bd/lenovo-thinkpad-x1-carbon-gen-9-core-i7-laptop,"RAM: 16GB 4266MHz, Storage: 512GB M.2 NVMe SSD"
284,"HP OMEN 16-c0456AX Ryzen 9 5900H RTX 3070 8GB Graphics 16.1"" FHD Gaming Laptop",HP,240000,https://www.startech.com.bd/hp-omen-16-c0456ax-ryzen-9-5900h-gaming-laptop,"RAM: 16 GB 3200MHz, Storage: 1TB SSD"
285,"MSI Katana 15 B13VEK Core i7 13th Gen 16GB RAM RTX 4050 6GB Graphics 15.6"" FHD 144Hz Gaming Laptop",MSI,249900,https://www.startech.com.bd/msi-katana-15-b13vek-core-i7-13th-gen-gaming-laptop,"RAM: 16GB (8x2) DDR5, Storage: 1TB SSD"
286,"ASUS Zenbook Pro 14 Duo OLED UX8402ZE-M3050W Core i7 12th Gen RTX 3050 Ti 4GB Graphics 14.5"" 2.8K Touch Laptop",ASUS,249990,https://www.startech.com.bd/asus-zenbook-pro-14-duo-oled-ux8402ze-core-i7-12th-gen-laptop,"RAM: 16GB LPDDR5 on board, Storage: 512GB SSD"
287,"Apple MacBook Pro 14-Inch M1 Pro Chip, 16GB RAM, 512GB SSD (MKGR3LL/A) Silver 2021",Apple,252000,https://www.startech.com.bd/apple-macbook-pro-14-inch-m1-pro-chip-silver,"14"" (3024 x 1964) Liquid Retina XDR display"
288,"MSI Katana 17 B13VEK Core i7 13th Gen 16GB RAM RTX 4050 6GB Graphics 17.3"" FHD 144Hz Gaming Laptop",MSI,254900,https://www.startech.com.bd/msi-katana-17-b13vek-core-i7-13th-gen-gaming-laptop,"RAM: 16GB (8x2) DDR5, Storage: 1TB SSD"
289,"Apple MacBook Pro 14-Inch M1 Pro Chip, 16GB RAM, 1TB SSD (MKGQ3) Space Grey 2021",Apple,258000,https://www.startech.com.bd/apple-macbook-pro-14-inch-m1-pro-chip-1tb-ssd-space-grey,"14"" (3024 x 1964) Liquid Retina XDR display"
290,"Asus ROG Zephyrus G14 GA402RJ Ryzen 9 6900HS RX 6700S 8GB Graphics 14"" WQXGA Gaming Laptop",Asus,260000,https://www.startech.com.bd/asus-rog-zephyrus-g14-ga402rj-ryzen-9-6900hs-14-inch-wqxga-laptop,"Ram: 16 GB 4800MHz, Storage: 1TB SSD"
291,"Apple MacBook Pro 16-Inch M1 Pro Chip, 16GB RAM, 512GB SSD (MK1E3ZP/A) Silver 2021",Apple,265000,https://www.startech.com.bd/apple-macbook-pro-16-inch-m1-pro-chip-silver,"16.2"" (3456 x 2234) Liquid Retina XDR Display"
292,"Asus ROG Zephyrus G15 GA503RM Ryzen 7 6800HS 16GB RAM RTX 3060 15.6"" WQHD Gaming Laptop",Asus,265000,https://www.startech.com.bd/asus-rog-zephyrus-g15-ga503rm-ryzen-7-gaming-laptop,"Ram: 16 GB 4800MHz, Storage: 1TB SSD"
293,"ASUS ProArt Studiobook 16 OLED H5600QM Ryzen 7 5800H RTX 3060 6GB Graphics 16"" OLED Laptop",ASUS,275000,https://www.startech.com.bd/asus-proart-studiobook-16-oled-h5600qm-ryzen-7-5800h-laptop,"RAM: 16GB DDR4, Storage: 1TB SSD"
294,"Apple MacBook Pro 16-Inch M1 Pro Chip, 16GB RAM, 1TB SSD (MK193) Space Gray 2021",Apple,279000,https://www.startech.com.bd/apple-macbook-pro-16-inch-m1-pro-chip-1tb-ssd-space-gray,"16.2"" (3456 x 2234) Liquid Retina XDR Display"
295,"Microsoft Surface Laptop Studio Core i7 11th Gen 32GB RAM 1TB SSD 14.4"" Touchscreen 2-in-1 Laptop (ABY-00001)",Microsoft,294000,https://www.startech.com.bd/microsoft-surface-laptop-studio-core-i7-2-in-1-laptop,32GB LPDDR4x RAM + 1TB SSD
296,"Apple MacBook Pro 16-Inch M1 Pro Chip, 16GB RAM, 1TB SSD (MK1F3ZP/A) Silver 2021",Apple,299000,https://www.startech.com.bd/apple-macbook-pro-16-inch-m1-pro-chip-1tb-ssd-silver,"16.2"" (3456 x 2234) Liquid Retina XDR Display"
297,"ASUS ProArt Studiobook 16 OLED H5600QM Ryzen 9 5900HX RTX 3060 6GB Graphics 16"" OLED Laptop",ASUS,302000,https://www.startech.com.bd/asus-proart-studiobook-16-oled-h5600qm-ryzen-9-5900hx-laptop,"RAM: 32GB DDR4, Storage: 1TB SSD"
298,"Lenovo Legion 7 16ACHg6 Ryzen 7 5800H RTX 3080 16GB Graphics 16"" 165Hz Gaming Laptop",Lenovo,307000,https://www.startech.com.bd/lenovo-legion-7-16achg6-ryzen-7-5800h-gaming-laptop,"RAM: 16GB DDR4, Storage: 1TB SSD"
299,"Asus ROG Flow X13 GV301QE Ryzen 9 5980HS RTX 3050 Ti 4GB Graphics (ROG XG Mobile GC31S with RTX 3080), 13.4"" 120Hz WUXGA Touch Gaming Laptop",Asus,330000,https://www.startech.com.bd/asus-rog-flow-x13-gv301qe-ryzen-9-gaming-laptop,Memory: 32GB DDR4 3200MHz LPDDR4X RAM
300,"Lenovo Legion 7 16ACHg6 Ryzen 9 5900HX RTX 3080 16GB Graphics 16"" 165Hz Gaming Laptop",Lenovo,333000,https://www.startech.com.bd/lenovo-legion-7-16achg6-ryzen-9-5900hx-gaming-laptop,"RAM: 16GB DDR4, Storage: 1TB SSD"
301,"ASUS ProArt Studiobook 16 OLED H5600QR Ryzen 9 5900HX RTX 3070 8GB Graphics 16"" OLED Laptop",ASUS,333000,https://www.startech.com.bd/asus-proart-studiobook-16-oled-h5600qr-ryzen-9-5900hx-laptop,"RAM: 32GB DDR4, Storage: 1TB SSD"
302,"MSI Vector GP77 13VG Core i7 13th Gen 16GB RAM 2TB SSD RTX 4070 8GB Graphics 17.3"" 2K QHD 240Hz Gaming Laptop",MSI,339900,https://www.startech.com.bd/msi-vector-gp77-13vg-core-i7-13th-gen-gaming-laptop,"RAM: 16GB (8x2) DDR5, Storage: 2TB SSD"
303,Apple MacBook Pro 16-inch M2 Pro 16GB RAM 1TB SSD Space Gray (MNW93),Apple,355000,https://www.startech.com.bd/apple-macbook-pro-16-inch-m2-pro-space-gray,"RAM: 16GB, Storage: 1TB SSD"
304,"ASUS Zenbook Pro 16X OLED UX7602ZM-ME132W Core i9 12th Gen RTX 3060 6GB Graphics 16"" 4K Touch Laptop",ASUS,364990,https://www.startech.com.bd/asus-zenbook-pro-16x-oled-ux7602zm-core-i9-12th-gen-laptop,"RAM: 32GB LPDDR5 on board, Storage: 1TB SSD"
305,"ASUS ProArt Studiobook Pro 16 OLED W7600H3A Core i7 11th Gen RTX A3000 6GB Graphics 16"" OLED Laptop",ASUS,365000,https://www.startech.com.bd/asus-proart-studiobook-pro-16-oled-w7600h3a-i7-11th-gen-a3000-6gb-graphics-laptop,"RAM: 32GB DDR4, Storage: 1TB SSD"
306,Apple MacBook Pro 16-Inch M1 Pro Chip 32GB RAM 1TB SSD Space Gray (Z14W00105),Apple,390000,https://www.startech.com.bd/apple-macbook-pro-16-inch-m1-pro-32gb-ram-1tb-ssd-space-gray,"RAM: 32GB, Storage: 1TB SSD"
307,"ASUS ZenBook 17 Fold OLED UX9702 Core i7 12th Gen 16GB RAM 1TB SSD 17.3"" Touch Display Foled Laptop",ASUS,399990,https://www.startech.com.bd/asus-zenbook-17-fold-oled-laptop,"RAM: 16GB LPDDR5, Storage: 1TB M.2 PCIe G4 SSD"
308,"Apple MacBook Pro 14-Inch M1 Max Chip, 32GB RAM, 1TB SSD (Z15H00107) Space Grey, Late 2021",Apple,399999,https://www.startech.com.bd/apple-macbook-pro-14-inch-m1-max-chip-1tb-ssd,"14"" (3024 x 1964) Liquid Retina XDR display"
309,Apple MacBook Pro 16-Inch M1 Max Chip 64GB RAM 4TB SSD Space Gray (MK233LL/A),Apple,620000,https://www.startech.com.bd/apple-macbook-pro-16-inch-m1-max-chip-4tb-ssd-space-gray,"RAM: 64GB, Storage: 4TB SSD"
310,"MSI Titan GT77HX 13VI Core i9 13th Gen 64GB RAM 4TB SSD RTX 4090 16GB Graphics 17.3"" 4K UHD 144Hz Gaming Laptop",MSI,774900,https://www.startech.com.bd/msi-titan-gt77hx-13vi-core-i9-13th-gen-gaming-laptop,"RAM: 64GB (32x2) DDR5, Storage: 4TB SSD"
311,"Dell Inspiron 15 3511 Core i3 11th Gen 256GB SSD 15.6"" FHD Laptop",Dell,51000,https://www.startech.com.bd/dell-inspiron-15-3511-core-i3-11th-gen-256gb-ssd-laptop,"RAM: 4GB DDR4, Storage: 256GB SSD"
312,"HP 15s-fq3617TU Celeron N4500 15.6"" FHD Laptop",HP,46000,https://www.startech.com.bd/hp-15s-fq3617tu-celeron-n4500-laptop,"RAM: 4GB 2933 MHz, Storage: 256GB SSD"
313,"Asus ExpertBook BR1100FKA Celeron N4500 11.6"" 360° HD LED Touch Education Laptop",Asus,47500,https://www.startech.com.bd/asus-expertbook-br1100fka-celeron-n4500-hd-led-touch-laptop,"RAM: 4GB DDR4, Storage: 256GB M.2 SSD"
314,"ASUS TUF Gaming F15 FX506HC Core i7 11th Gen RTX 3050 4GB Graphics 15.6"" Gaming Laptop with Windows 11",ASUS,156000,https://www.startech.com.bd/asus-tuf-gaming-f15-fx506hcb-core-i7-11th-gen-rtx-3050-4gb-graphics-laptop,"RAM: 16GB DDR4 3200Mhz, Storage: 512GB SSD"
315,"HP ProBook 450 G9 Core i5 12th Gen 15.6"" FHD Laptop",HP,92000,https://www.startech.com.bd/hp-probook-450-g9-core-i5-12th-gen-fhd-laptop,"RAM: 8GB DDR4, Storage: 512 GB SSD"
